blues,classical,country,disco,hiphop,jazz,metal,pop,reggae,rock
9.364957077195868e-05,2.3403339710625914e-08,4.686943668730237e-07,9.657903137849644e-05,0.999803364276886,1.7063223056723587e-10,3.2913240488596784e-07,5.085522711360249e-15,1.2955648923465568e-12,5.625048743240768e-06
